Obj1_Feature1_binary,Obj1_Feature2_nominal,Obj1_Feature3_ordinal,Obj1_Feature4_numeric,Obj1_Feature5_binary,Obj1_Feature6_nominal,Obj1_Feature7_ordinal,Obj1_Feature8_numeric,Obj1_Feature9_binary,Obj2_Feature1_binary,Obj2_Feature2_nominal,Obj2_Feature3_ordinal,Obj2_Feature4_numeric,Obj2_Feature5_binary,Obj2_Feature6_nominal,Obj2_Feature7_ordinal,Obj2_Feature8_numeric,Obj2_Feature9_binary,Collision
1,A,Medium-Low,-0.04123984853259981,0,C,Medium-Low,1.3652124317582037,0,1,C,Low,-0.15561253489741123,0,C,Medium,0.20323285193500026,1,1
1,B,Medium-Low,0.8066736960126151,0,C,Medium-High,-1.1219366069013499,1,1,B,Medium-High,1.1529154182304517,1,C,Medium-Low,2.948401505586252,1,1
0,B,Medium-Low,0.15135590095370405,0,A,Medium,-2.234214586853271,0,1,C,Medium,-0.5650048375223415,0,C,High,0.620774035920107,0,0
1,A,Medium-Low,1.6437794040589424,0,B,Low,-0.3084433404561189,0,0,C,Medium,-0.8269357103862811,0,B,Medium-Low,-0.5877005964961666,1,1
0,B,Low,1.700240016519235,0,A,Medium,1.567909428898771,1,0,C,Low,1.9983758296352858,0,C,Low,-0.2545651984288773,0,1
0,C,Medium-High,-0.8787115459893043,0,C,Medium-Low,-0.46717499465219614,1,1,C,Low,-2.353422756313304,1,C,Low,-0.2668104843201139,0,0
1,B,Medium-High,-0.4348372304698761,0,A,Low,0.13190739455549488,1,0,B,Medium,0.3559862034814596,1,C,High,-0.754827877563676,0,0
1,A,Medium-High,0.30645904136834534,1,B,Medium,0.5255724777227956,0,0,A,Medium,-1.1869844052986043,0,C,Medium-Low,0.24845644605447276,0,1
0,A,Medium-High,0.09733619551063555,0,A,Medium,-0.18488067753571438,1,1,B,Low,-2.108694684370844,0,B,Low,1.2309364049404876,1,0
1,C,Low,0.6329353771602779,1,B,Medium,0.5913128761833983,1,0,C,Medium-High,0.16596523307308367,1,C,Medium-Low,-1.1820381080174291,0,1
0,C,Medium,-0.1225529430341094,0,B,Medium,-1.3093545231246198,0,1,A,High,-1.4188781676744673,0,C,Low,0.48198443363195587,1,0
1,C,Medium-Low,-0.22621098073208012,0,C,High,0.3548290229678597,1,1,C,Medium,-1.212875235457389,1,C,Low,0.8450352488875055,1,0
0,C,Medium-High,-0.2922105926801872,1,B,Low,-1.355583413987519,0,1,B,High,2.0211500840151326,0,B,Low,0.7840868760132614,0,1
1,A,Medium-Low,-0.3897188804243978,0,A,High,1.0956052244885084,1,0,A,Medium-Low,0.3148760671818661,1,B,Medium,-0.7755750630878906,1,1
0,C,Medium-Low,0.634337341041364,0,C,Medium-Low,0.8174865674279879,0,0,B,Low,0.8895331025417347,1,A,Low,0.0906360282393729,0,1
0,A,Medium-Low,0.4852523242252377,1,B,Medium,-0.8313964934393349,0,1,A,Medium-Low,1.6541773266970008,0,C,High,1.0067863088379545,0,1
1,A,Low,-0.20942803490051687,1,B,Medium,0.3549514009166638,0,1,B,Medium,0.3810148403904495,1,C,High,0.026264105440503522,1,1
0,B,Low,-0.6704748228292101,1,A,Medium-High,0.4685544106569626,0,0,C,Low,0.18203312500641577,0,B,Medium-Low,-0.7827161061468267,1,0
1,B,Low,1.2604979922100623,1,C,Medium-Low,1.783034659783885,1,0,C,Low,0.240098718330949,0,A,Medium-Low,1.586741644906023,0,1
1,B,Low,-0.08386385020878932,0,C,Low,-1.020780243620311,1,0,C,High,1.3666235288041384,1,B,Low,0.42419600099870763,0,1
0,C,Medium-Low,0.6474212202534951,0,A,Medium-Low,1.3228021185087615,1,0,C,Medium-Low,0.11877817776374527,1,A,Medium,-1.2891779386726596,0,1
1,C,Medium-High,1.1342944375106507,1,C,Medium,1.77667041181024,0,0,C,Low,0.011218336421953377,1,B,Medium-High,1.112469625447605,0,1
0,A,Medium-Low,1.285524198751298,1,C,Medium-High,-0.08592436241029312,1,1,A,Medium-Low,-2.228513353530929,1,C,High,-0.11186419755769261,0,0
0,B,Medium-High,0.7650691365564452,1,C,Medium,-1.2102739015088388,1,1,C,Medium-Low,-1.27949763546407,1,A,Low,0.24247404639415215,0,0
0,C,Medium,-0.15079450219806317,1,C,Medium,0.31557260035009677,0,0,A,Medium-High,0.1971454998498138,0,B,Medium-High,-1.6365960685615848,1,0
0,B,Medium-Low,0.8376090614933911,1,B,Medium,0.9541441762817013,0,0,C,High,-0.33365469221783883,0,A,High,-1.3408709158509922,1,1
0,C,Medium-Low,-0.7149095327466819,1,C,Low,-1.6878404405706084,0,0,B,Medium,-0.4331404975627173,1,C,High,-1.317215267121101,0,0
1,B,Medium,-0.35207624921637554,0,C,Low,-0.741555959474137,1,0,A,High,0.9087023938292332,0,A,High,0.05225071486021346,1,1
0,C,Low,-0.2911051854165712,1,A,High,-0.5814060173706608,0,1,A,Low,-0.5977115098030278,1,B,High,0.29792222221919273,1,0
1,C,Low,1.0115785040170093,1,B,Medium-Low,1.2269302399308881,1,1,B,Medium-High,0.4916034133967488,1,B,Medium,-1.4139405812837516,1,1
0,B,High,-0.8625821799995955,1,A,Medium-Low,-0.10273762161313307,0,0,B,Low,0.0536675296286324,0,B,Low,1.8012696534812078,1,1
1,A,Medium,1.0820449835245758,1,B,Medium-High,-0.8172770420876255,1,1,A,Medium,-0.6899070926395987,0,C,Medium-Low,0.22741744781430437,0,0
0,B,Medium-High,1.2455902945485742,1,A,Medium,-0.3867579501002041,0,0,B,Medium,-0.1430572664404024,0,B,Medium-High,1.6944934964048821,0,1
0,A,Medium-High,0.8438831765131916,1,C,Medium-High,1.6451234466024647,0,0,B,Medium,0.46390836619889386,1,C,Medium-Low,0.9094859654842131,1,1
0,B,High,-0.7435211473477865,0,C,High,-0.022939673035577868,0,1,A,Medium-High,-0.7813631104182073,1,C,Low,-0.534750707257572,1,0
0,A,Medium-Low,0.8314091684719382,0,A,Medium-High,-1.535171631634376,0,1,B,High,1.3829312800520048,0,A,Medium-High,2.119189815256836,0,1
1,C,Low,1.6019866090213013,1,A,Medium,-1.0867885982882528,0,1,A,Medium-High,-0.14697079095809312,0,B,Medium,0.7529616798219471,0,1
1,A,Low,0.9712835448963557,0,B,High,-0.573164505023729,1,1,A,Medium-High,-0.14300428571917134,0,C,Medium-Low,1.261327965617355,1,1
0,A,Medium,-0.1557302687086643,1,A,High,-0.10317164232791637,1,1,C,Medium,-0.9484074914712812,0,C,Medium-Low,0.21569860192580728,0,0
1,B,Low,-0.9241632856912657,0,C,Low,0.5425748483022488,1,1,C,Low,-0.10176029736936522,0,A,Medium,-0.0831901389985664,0,0
0,B,Low,0.21908666822572445,1,B,High,1.2165881508263894,1,1,B,Medium,1.274547152906762,1,C,Medium-High,-1.3738512179226245,1,1
0,A,High,-0.11001493208463575,0,B,Medium-Low,0.8835896280129926,0,1,A,Medium-Low,0.5110253650844883,1,B,Medium-Low,-1.014762312413609,0,1
0,B,Medium,0.1843263134517106,1,B,Low,-0.4752928118114438,1,1,A,Low,-0.5646522856186021,1,A,Low,-0.3484693396013496,1,0
0,A,High,0.11364391469102025,1,C,Medium-Low,0.9804692907925602,0,1,A,Low,-1.0924248903087088,0,B,Medium-High,0.9745119722199189,0,1
0,A,Medium,0.5679712951756579,1,C,Low,0.886425833558314,1,0,B,Medium-Low,0.10717949642283084,1,B,Low,-0.3919620821745493,1,1
1,B,Medium-High,-0.5371665834769944,1,A,Medium-Low,-1.415788660036444,1,1,A,Medium-Low,1.1252347874856719,0,C,Low,-0.002120023340698564,1,0
0,C,Medium,-0.2837002183824897,1,C,Medium-Low,-1.6275065322482467,1,1,A,Medium-High,0.440930159773826,1,C,High,1.296295463296532,1,0
0,A,Medium-Low,-0.47382773310558546,0,A,Medium-Low,1.0743147647843867,0,0,A,Medium,-0.21188114384650575,1,B,Medium,-0.5143146327525433,0,1
1,C,Low,-1.1462137016416336,1,A,Low,1.916571532555062,0,1,A,High,-0.1332323780734136,1,A,Medium-Low,-0.031031999957040583,0,1
1,A,Low,-0.7057691879204938,1,A,High,-1.005765498545105,1,0,A,Medium-Low,0.5307227301289642,1,B,Medium-High,-1.9494186439721228,1,0
1,C,Medium-High,1.0557024422262842,0,C,Medium,-0.2428688492030882,1,1,A,Low,1.703849714898994,1,B,Low,-0.2637684232680135,1,1
0,C,Medium-Low,0.2147551314083972,0,B,Medium,0.29223988270076956,0,1,B,Low,2.4557988899168848,1,C,Low,1.3919925863557916,0,1
1,A,Medium,0.8087831079009674,1,A,Medium,-0.1433154501096685,0,0,A,Medium,0.2566404487243988,0,C,Medium-Low,0.5882781198955435,0,1
0,C,Medium,0.9985136038527543,0,B,Low,0.837904468368406,0,0,B,Medium-High,2.4228410423549014,0,B,Medium,-0.7436205085691345,1,1
0,B,Low,1.0098092049319773,1,A,Low,-0.013430292656648772,0,1,B,High,-1.1444233967637667,0,B,Medium-Low,-0.6069311967722137,1,0
0,C,Medium-Low,-0.3354932844516,1,A,Medium-Low,0.6900240854855308,0,1,A,Medium-High,-0.6665448268462764,0,A,Low,0.5914283401364363,0,1
1,B,Medium-Low,-0.4532049966780093,1,A,Medium-Low,-0.5344563409237064,1,0,B,Medium,-0.5768544497213213,1,B,Medium-Low,1.3533835466464053,0,0
1,C,Medium-Low,-0.029230662260690727,1,A,Medium-Low,-0.19991963958959705,1,1,A,Medium,-0.4922032646586444,0,A,High,1.82294505325189,0,1
0,B,Medium-High,0.5656066024408448,0,A,Low,-0.3412704094846862,0,0,B,Medium,-1.934904530831087,1,C,Low,-2.064457353356509,1,0
0,C,Medium,-0.8085697262569786,1,A,Medium,-0.27246389448434133,0,1,B,Medium,0.7600586186704841,0,C,Medium-High,-0.6332276056428775,1,0
0,C,Medium-Low,0.09196729775270017,0,B,Medium-High,-0.6788968164303503,0,1,B,Medium-High,-0.6176177184525481,0,B,Medium-High,-0.3506745731726747,1,0
0,B,Medium-Low,-1.367789442108768,1,A,Medium-Low,-1.0019622829229031,0,1,A,Medium-High,-0.09526802109179609,0,A,Medium,-0.2647485555157391,0,0
0,C,High,-1.4426333781140341,0,A,Medium-Low,-1.907325889773464,1,0,C,Medium-High,-0.12498829549054129,1,B,Medium-Low,-0.2744838691473643,0,0
0,A,High,0.511088358842334,0,A,Medium-Low,1.397826861494834,0,1,A,Low,-1.6255237538425875,1,C,Medium-High,-0.6151936015494018,0,0
0,A,High,-0.5881871136912068,1,C,Low,0.8337471783652483,0,0,C,Low,0.4070475269469107,0,B,Medium-Low,0.04228516818484547,0,1
1,A,Low,-0.8787854392018122,1,A,Medium,1.764292661700241,1,1,C,Medium-Low,0.41540127856253756,0,A,Medium,2.4698717722824552,1,1
0,A,Low,0.6445427882327565,1,C,Low,0.09512050159636852,1,1,B,Medium-Low,0.01877635171830164,0,C,High,0.8595013598971639,1,1
0,A,Medium,-2.3805675427419137,1,B,Medium-Low,0.8931033781293983,1,0,B,Medium-Low,-0.46377594924998483,0,C,Low,-0.021806546849158403,0,0
1,C,Low,-0.692780560848654,0,A,Medium-High,-0.04611556185220735,1,1,A,Medium-Low,-2.2710319210539804,0,B,Medium-Low,0.9328824026176746,0,0
1,C,Medium-Low,-1.142607670668026,0,A,High,-2.252774537338536,0,1,B,Low,-0.24954981185736735,1,A,Medium-Low,0.14832061540765182,1,0
1,B,Medium-High,-1.9255973015448016,1,A,Medium-High,1.5852311753890254,1,0,C,Medium,-0.7414440493479361,0,A,Medium-High,-0.8711824444630865,1,0
0,B,High,0.5206916032038754,1,A,Medium,-1.9900701944382824,1,0,A,Low,-0.4113411697474134,1,C,Low,-0.18010914611606327,1,0
0,C,Medium-Low,2.1499481797894497,0,B,Low,0.09467713794233988,1,0,B,Medium-High,-2.0185605854315285,1,C,Low,1.0128944731995237,1,1
0,B,Medium,-0.8771123023148757,0,B,Low,-0.4211132340877151,0,1,A,High,0.4938941110895817,0,A,Medium,-0.2901196331057549,0,0
0,A,Medium,0.7178394246426295,0,B,Low,1.466446784524166,0,0,B,Low,-1.5151724780436242,1,B,High,-2.902919863265247,0,0
1,A,Medium,-0.2207604749939785,0,C,Medium-Low,-0.7489814853535495,0,0,A,Medium-High,-0.8762138516047681,0,A,Low,0.09275515571812208,0,0
0,A,Medium-Low,0.6387927119317198,1,A,Medium,-0.6131046079265703,1,1,C,High,0.16874127832251445,0,A,Medium-High,-0.46138741205847145,0,0
0,A,High,0.7985469101097182,1,B,Medium-High,0.5160669806613012,0,0,A,High,0.5500607198386926,0,C,High,0.01835038484265991,0,1
0,C,Medium-Low,-0.2292386330272979,0,B,Medium,-1.3221425404105827,0,1,A,High,-2.59837726885437,1,B,Medium,0.6593537597212408,0,0
1,B,Medium-High,-0.8955423542627607,0,B,Medium-Low,-0.636831551537609,1,0,C,High,0.06424641850959702,1,A,Low,-1.7852071404051986,0,0
0,C,High,0.44737339813789506,0,B,Low,0.2278881969549737,1,1,A,Medium-Low,0.48180431657953954,1,C,Low,0.8008799370765097,0,1
0,A,Medium-High,-0.012924299722619942,0,A,Medium-High,-0.25409157118151904,1,1,A,Medium-High,-0.7479227572351715,0,A,Medium-Low,-0.802078207135512,0,0
0,A,Medium,2.242389129011795,0,A,Medium,-0.7057967184944354,1,1,C,Medium-Low,-0.6392808650621343,0,B,Medium-Low,1.629672255878224,0,1
0,A,Low,2.3192936462567784,1,C,Medium-High,-1.4843824806423638,0,1,C,Medium,0.5323717086759518,0,C,Medium,-0.675369739786971,1,1
1,B,Medium-High,0.8906907840477553,1,A,Low,1.1782745153827021,0,0,A,High,-1.8959961731211512,1,C,Medium,-0.7596786190166201,0,0
0,A,Medium-Low,0.29875993792729577,1,C,Low,0.3379868774196884,0,1,B,Low,0.05476010731616834,1,B,Medium-High,1.1082263697716799,0,1
1,C,Medium-Low,0.6398391369672927,1,B,Medium-High,0.6279849684557144,1,0,B,Low,0.3332256005702221,1,B,Medium-Low,0.6891405210538686,0,1
1,A,Medium-Low,0.1490197396921051,1,A,Medium,-0.08688387201529786,0,0,C,Low,-0.4504659301147164,1,C,Medium,-1.0891650999077964,0,0
0,A,Low,1.3268259008869168,1,C,Medium,-0.6074051533821321,0,1,C,Medium-Low,-0.5347650929095825,1,A,Medium-High,-1.0950406325697923,1,0
1,C,Medium-High,1.0637292347308542,1,B,High,-0.4358018594330479,1,0,A,Medium,0.8411511771487123,0,B,Low,0.5391062875930218,0,1
1,A,Medium-Low,0.80895196785808,0,B,Medium-Low,0.3077166603383253,0,1,B,Medium-Low,-0.6232636278576529,0,C,Medium-High,-1.3252859215704116,1,0
1,A,Low,0.08474376982575954,1,A,Medium,-0.09223436370330024,1,0,C,Low,-1.09682013603804,1,C,Medium,-1.6215464128351131,1,0
1,B,Low,1.5365701677774506,1,C,Low,1.9011663862499917,0,0,C,Medium-Low,0.6928244451564802,0,B,Low,1.2857728770998118,1,1
0,B,Low,1.9047494570811865,0,B,High,0.05119413737884762,1,1,B,Medium-High,-0.5224976470901436,1,C,Medium,0.46968031956989864,1,1
0,B,Medium-High,-0.02101671077691172,0,B,Low,0.4742137575683974,1,1,C,Medium-Low,0.8317077574644924,0,B,Low,0.013306425046581798,0,1
1,A,High,1.1971454506613988,1,C,Medium,-1.209944132075511,1,1,A,Low,-0.6647854433828274,0,A,Medium-Low,0.3831933625031455,0,0
1,B,Medium-High,-0.6229636219161916,1,C,Low,-0.4246558833094628,1,0,C,Medium,-0.6871876076239815,1,C,Medium,1.34923644628537,0,0
1,C,High,-0.5423269319961097,1,C,Medium-Low,0.29714977515577207,1,0,A,Medium-High,0.34640283976531083,1,A,Medium-High,0.4475319123199135,0,1
0,A,High,-0.026272811436203296,1,C,Medium-High,0.4337445034066412,0,1,A,High,-0.15124817335767438,1,C,Low,-0.14536309835838193,1,1
1,A,Medium,0.09778087859984932,0,C,Medium,-1.1656980698455808,0,1,C,Medium-High,0.9345906888619753,1,A,High,1.1503037372261409,0,1
1,B,Medium-Low,-1.7188174064492172,0,A,Low,-1.5008034397309167,0,0,A,Medium-Low,0.18666758311533485,0,B,Medium,-0.3731158840591059,0,0
1,B,Low,-1.3428166637852823,0,B,Medium,1.3493173992593357,1,0,A,Medium-High,-1.7688017051950926,1,C,High,2.1966847552678788,1,1
0,C,High,0.6249771357686686,1,C,Medium-High,0.2751452467109159,0,0,B,Medium-Low,0.6077610811218217,0,A,Medium-High,-1.068691145109435,1,1
0,C,Medium-Low,0.5440692876502318,0,A,Medium-Low,0.1135633222954111,1,1,C,Low,1.0333167166973467,1,A,Medium,1.211017986840398,1,1
0,A,High,0.49266882809372703,0,B,Low,0.2569404066911091,1,0,C,Medium-Low,0.9960314515299816,0,C,Medium-Low,0.24746375719063646,0,1
0,C,Medium-Low,-0.10600818688668402,1,A,Medium,-1.6019468245185846,1,0,C,Medium-Low,-0.3101090646903814,0,B,Medium,0.35734683121691535,1,0
1,A,Medium-High,0.20012240350116217,1,A,High,-1.2165919491357402,1,1,A,Medium-Low,0.32402107361407706,1,C,High,0.4152779901421577,0,0
1,C,Medium-Low,-1.1685921876233039,1,C,Medium,-0.6867729333662912,1,1,B,Low,1.8459659424155976,1,C,High,-1.6503090466027075,0,0
0,C,Medium-Low,-0.3814860234818432,0,B,Medium,-0.5563620514503399,0,0,A,Low,0.22401480340448637,0,A,Medium-Low,0.7283741978095895,0,1
1,C,High,-0.1718744092857698,0,B,Low,0.19850982623973357,0,1,C,Medium-Low,0.6517019085042501,0,B,Medium-High,1.3191736865346488,1,1
0,C,Low,-1.5506586103682918,0,C,High,-1.22576369256008,0,1,C,Low,2.8982952151522827,1,C,Medium,-1.0427055565547998,1,0
0,A,Medium-High,0.1527558491362408,1,B,Medium-High,-0.027744203482445537,0,1,B,Low,0.6952024601147778,1,C,Medium-High,0.5123057619165762,1,1
1,A,Medium,-2.1170735086925747,1,B,Low,0.7462787522196516,1,1,A,High,0.7081739515249351,1,C,Medium,1.668556818715437,0,1
1,C,Medium,1.6548430404390777,1,C,Medium-High,0.8967703848942736,1,1,C,Low,0.3694717781954923,1,B,Low,1.6324111541244541,0,1
1,B,Medium,-1.2645980524630807,0,A,High,0.9092065612608946,0,1,C,Medium,0.6821032235176336,1,C,Medium,-2.0233401934840662,1,0
0,B,Medium-Low,1.152828423925093,0,A,Medium-High,1.2514839308951105,1,1,B,Medium-Low,-0.8452607765391178,0,C,Medium-High,-1.178894530563323,0,1
0,B,Low,-1.0415667084107008,1,B,Low,-1.7817752491541277,0,0,B,Low,-1.6478448936431007,1,B,Medium,1.22791301091814,1,0
1,B,Low,-0.6540289059501626,0,B,Low,1.0582867938007747,1,0,C,Medium,1.2143454027236966,0,A,Low,0.7232646365866781,1,1
1,A,Medium,0.7892123669764479,0,C,High,-1.0153485493117242,1,0,B,Medium-High,-0.7265068892947862,1,A,Medium-High,-0.17378649341282604,0,0
0,C,Medium-High,0.7113963096523744,0,B,High,-0.4996565125889343,1,0,C,Low,-0.9824282011637211,0,B,Low,0.027147636034030913,0,0
1,B,Medium,0.1771801043051923,0,C,Medium-High,-0.2618916398283012,0,1,B,High,-2.5917103925206098,1,B,Medium-High,0.6368305055645621,1,0
1,A,Low,-0.44143217180966815,0,C,Medium-High,-1.2896056922676966,1,1,C,Medium,-0.6093860785455534,0,C,Low,1.472061137161115,1,0
0,A,Medium-Low,-0.6960504871313693,1,A,Medium,2.3910623269929294,1,1,C,High,1.7132072905434899,1,B,Medium-Low,0.5706129916581625,1,1
1,B,Low,0.2486837008735385,1,B,Medium-High,2.1662306871835555,0,0,C,High,-0.6599093247074538,0,C,Low,-0.3806600073128553,0,1
1,A,High,0.004320523743695064,0,C,Medium,0.01088740087803846,1,0,A,High,0.38148099409509184,0,A,Medium,0.6526477466131457,0,1
0,B,High,0.6097516342682177,0,C,Medium-Low,-0.9693471108593936,1,1,C,Medium,1.1577500752364467,0,C,High,0.9329111452791159,0,1
0,B,Medium-High,2.097907213806244,1,B,Medium-Low,-1.2055727133426115,0,0,C,High,-0.19865873898269135,0,C,Medium,-0.029165021169446602,0,1
0,C,Medium,-1.447148902028975,1,A,Medium-Low,-0.45585583667019824,0,1,C,High,-0.37383284834055897,0,C,Medium,0.05764186556159896,0,0
1,B,Medium,-0.8721880999356999,0,C,Medium,1.069105867776056,0,0,B,Low,-1.3030848800324666,1,C,Medium-Low,-0.025538051132050793,0,0
1,A,Medium-Low,-0.24074508440084316,0,B,Medium-Low,-1.8890966642177907,1,0,C,Low,-1.1377558784354032,1,C,Medium,-0.034930720563261325,1,0
0,B,Medium-Low,-0.5004097564562991,0,B,High,1.8681965285641369,1,1,B,Low,1.2544585502097596,1,C,Low,-1.1702193553907743,1,1
0,B,High,0.20518282155044323,0,C,Medium-Low,0.36632958865579185,0,0,B,Medium-High,0.45329513257589094,0,A,Low,-0.5911849349745589,0,1
0,A,Medium-Low,-0.30293687587842355,0,A,Low,-1.3225940994534793,1,1,A,Medium-High,-0.8422651186314971,1,B,Low,-0.5211854203039344,0,0
0,B,High,-0.7506803757251926,0,A,Medium,-0.33092900844535383,1,0,A,Low,1.8780903583822843,0,C,Medium-High,-1.5290024423617283,0,0
1,B,Medium,-0.4572720939265849,1,B,Medium-Low,0.29963750098331016,1,0,C,Medium-Low,1.787020508960202,0,B,High,-0.964739147882187,0,1
0,A,Medium,0.34249738688287235,1,B,Medium-Low,-2.084111001665106,1,0,B,High,-2.0300679271748603,0,A,Medium,1.2272845897729299,1,0
1,A,Medium,-0.6154335673942434,0,B,High,-0.6591751629648577,1,1,B,High,0.846240215997886,0,A,Low,-0.525466813413797,0,0
0,A,Low,-0.5513233673516974,0,B,Low,-0.592287696223238,1,0,A,Medium-High,-1.9581717758862822,1,A,Medium-High,0.5640683459938235,0,0
1,B,Medium-Low,0.008406440835705572,0,A,Medium-Low,1.390810599102173,0,1,A,Medium-High,-0.5609781667386259,1,B,Low,-0.9814527917186043,0,1
0,B,Medium,0.034202400743341854,0,C,Medium-Low,-1.4099533408159937,1,1,C,High,1.2346497078450087,1,B,Medium-Low,-0.8881297890670212,0,0
1,A,Medium-High,-0.2713596972478768,1,C,Medium-High,1.3064687174437493,1,1,A,High,0.4471002983743626,1,B,Medium,-0.4035257291833254,0,1
0,B,Medium-High,-2.7631203116261247,1,C,High,0.20530697375977633,1,1,A,High,0.6517668274587488,1,B,Medium-Low,-0.10591863682429122,1,0
0,A,Low,0.9932510832662389,1,C,Medium-Low,0.8967487308584381,0,0,A,Low,0.6183526497932683,0,A,High,-0.2150972435625007,1,1
0,C,Low,0.602350315186629,1,A,Medium,-1.0893710579478362,1,1,C,Medium-High,0.969749660723589,0,A,Medium-High,2.3548044665902763,0,1
0,A,Medium,-1.1723340812272691,0,C,Medium-Low,0.6498731648869086,0,1,C,High,-0.4163778095926761,0,C,Low,1.7104057384505889,0,1
0,A,Medium-Low,1.7505797993516996,1,A,Medium,0.1961826084236553,0,0,B,Medium,-0.9750501566764187,0,B,Medium-Low,1.246917538219985,0,1
1,A,Low,-0.27384327850149215,1,C,High,-0.348714392285647,1,0,C,Low,-1.3102841721424747,0,C,Medium-High,-0.06646752579484079,0,0
1,C,Medium-High,0.5168205334618052,1,C,Medium-Low,0.38052676810021424,1,1,A,High,-0.9078068883749006,0,C,Low,-1.0955750282995689,1,0
0,B,Medium-High,-0.021929445509863296,0,B,Medium-High,-1.0695263815033895,1,0,B,Low,1.3784086516109249,0,B,Medium-High,-0.7189257400936558,0,0
1,C,Medium-Low,-0.8549689609776037,1,B,Medium,1.820010147552608,1,1,A,Low,-0.1669517499628375,1,B,Medium-Low,0.6183144292231981,1,1
1,B,High,0.06050395867501177,0,B,High,-1.1640232080491157,1,1,A,Medium-High,-1.1894475557796544,1,B,Low,-0.15330470322462805,1,0
0,C,Medium-Low,0.5741895075349632,1,B,Low,2.1540521256809493,0,0,B,Medium-Low,-0.31682019668408334,0,A,Low,-0.44239171989526366,0,1
1,C,Medium-Low,-0.6166479008353993,0,C,Low,-1.5081065900430581,0,0,B,Medium-Low,-0.021252099023154815,1,B,High,-0.3280765178937885,1,0
1,B,High,-0.09204396719832611,0,C,Medium-High,0.11803244187400837,0,1,C,Low,-0.7221614187570916,1,B,Medium-Low,0.5090524753197594,0,0
0,B,High,1.3309696574447873,0,B,Low,-0.6009110464545601,1,1,C,High,-0.9883641661000239,0,B,Medium-High,1.77063603224546,0,1
0,C,High,-1.4256086668653896,0,A,High,-0.37229927971147647,1,0,C,Low,-0.8081293727124771,1,B,Medium,-2.1687467128713087,0,0
1,C,Low,-2.0570267072632427,1,C,High,-0.033456823580670675,1,0,C,Medium-Low,-1.0455328037201435,0,C,Low,-0.0435119458339721,0,0
0,B,High,-0.7606960528815334,1,A,Medium,0.13090768234806516,0,1,C,Medium-High,-1.4622727310607953,1,A,Medium,0.7372860207092671,1,0
1,B,High,-0.40081169451552634,0,C,Low,-0.16403489907855548,1,0,B,High,-1.3546115024909218,1,A,Medium-High,-0.05605248020128711,1,0
1,A,Low,-1.4923033385864304,0,B,Medium,-1.3659462903171107,0,1,C,Medium-High,-1.318923779167644,0,A,Medium,0.1001593107579337,1,0
0,C,Medium-High,0.7880438292392792,0,B,Medium,1.4574238900848988,0,0,A,High,-0.5685232184889708,1,B,Medium-Low,0.13051515033222713,0,1
1,B,Medium,2.2533367810503293,1,A,Medium,0.4048051617922437,1,1,B,Low,0.400839982518761,0,B,High,-0.6507081125914497,0,1
0,C,High,1.978287936136696,0,A,Medium-High,0.5200696698765609,1,1,C,Medium-High,-0.07174053156871738,1,B,High,-0.8832632852588385,1,1
0,B,Low,-1.3154896230855915,0,A,Medium,0.32732943567737477,1,0,C,Medium,-0.0014062219143072272,0,B,Medium-Low,0.28366275976768396,1,0
1,B,Medium-Low,-0.7454706577282447,0,A,Medium-High,1.5685469056451327,1,0,A,Medium-Low,1.0616118451242587,1,C,High,-0.9105148605201003,1,1
1,C,Medium-Low,-0.35670456295844044,0,B,Medium-Low,0.6637391703982408,0,1,A,Low,-0.8219166890131635,1,A,High,-0.2488779426434472,1,0
1,A,High,0.4002238272017732,0,B,Low,-1.5141583418913482,1,1,A,Medium-Low,-0.9264414745101488,0,C,Low,0.08034288929429494,0,0
0,C,High,-1.0199561175840142,0,C,Low,1.6257366480094035,1,0,B,Medium-Low,1.1139420085953775,0,B,Medium-Low,0.46563993352183575,0,1
1,C,High,-0.27750986479075174,0,B,High,1.3617668812049943,1,0,C,High,2.2803519025489916,1,B,Medium,0.52738770891855,1,1
0,C,High,0.8033209703784062,0,B,Low,1.3927155727928293,1,0,B,Medium-High,0.15320593523286588,0,C,Medium-High,1.0363951402915679,1,1
0,B,Low,-0.287510921166311,0,C,Medium-Low,-0.621339983070451,0,0,B,Medium-Low,0.688475807351951,1,C,Low,-0.03788816847564057,1,0
0,A,Medium,-1.5251665483898706,0,C,Medium,1.2076222840511972,1,0,B,Medium-High,-0.8405445651796415,1,C,Medium,0.7408398603090254,0,0
0,A,Medium-Low,1.2761452303211531,1,C,Low,1.1469935944937486,1,1,B,Medium,-1.2884642351158913,1,B,High,-1.015356859440074,0,1
0,B,High,1.059010078777375,1,B,Medium-High,-1.7364150688309308,1,0,A,Medium-High,0.12931048765363806,1,B,Low,0.30440977732312957,1,0
0,C,Medium,0.9961420593364015,1,B,Medium-Low,1.1720328605245611,1,1,A,Medium,-1.6693253274414492,0,C,Medium-High,-1.125082062685816,0,0
0,A,High,-1.0788105131462178,1,C,Low,-1.194865234260197,1,0,B,Low,0.6037895553679007,1,B,High,-0.7235158558181743,1,0
0,B,Medium-Low,-0.5901397529987846,1,B,Medium,0.7295361838014081,0,1,C,Low,0.8338279080326165,0,B,Medium-Low,-1.6992295640165944,0,0
1,B,Medium-Low,-0.7998739505033532,1,B,Medium,0.46383199528411534,1,0,A,Low,0.10516557827764418,0,C,High,0.42657278435423823,0,1
0,B,Medium-High,0.4252453246131686,0,A,Medium-Low,-0.1288229922263742,0,1,A,Low,-1.1941135043661828,0,B,Medium-Low,-2.0239265789324694,1,0
1,C,Medium-High,2.1979982989198024,0,A,Low,-0.030162704184667214,0,0,C,Medium-Low,-1.3501515668706972,0,A,High,1.8468421240978998,1,1
0,C,High,-0.9563786182099326,0,C,Low,0.22942106324258582,1,0,C,Medium-Low,-0.732687810045382,0,B,High,-0.3631374029650804,0,0
0,C,Low,-0.6711431147101369,1,C,Medium,0.9090751171852881,0,0,C,Medium-High,0.12158389928485029,0,B,Low,-1.3767069026098446,1,0
0,B,Low,-1.2668907333682513,0,C,Medium,0.9950596607914478,0,1,C,High,-0.7742992375540663,0,C,Medium,-0.455833380713834,0,0
0,C,Low,-0.5096937630163858,1,C,Medium,0.8095035782926686,1,1,C,Medium-Low,0.1658203215518306,0,A,High,0.002071777115189073,0,1
1,C,Medium,2.1254762979132926,1,A,High,0.871733577067096,0,1,B,Medium-High,-0.8780758184946764,0,A,Medium-High,1.1030694882165932,0,1
0,B,Medium-Low,-0.4521596841020381,0,C,Low,-1.604259881587165,1,0,B,Low,0.7905780615997104,1,A,Low,1.0326068703890776,0,0
1,C,Low,-0.6480205142669323,1,C,Medium-Low,0.012820849472647632,1,0,B,Medium,0.7582633438454901,1,A,Medium,-1.5266243722378556,1,0
1,A,High,-1.735996383851156,1,A,Low,-0.07804781418877545,1,1,C,Medium,-1.1175818133959776,0,B,Medium-High,-0.414183550119591,0,0
1,B,Medium,-0.4070847262793721,0,C,Low,-0.27378774484054746,1,0,B,Low,1.3232098565735742,0,A,Medium,0.5003837485525037,0,1
0,B,Medium,-0.3657041790369355,0,B,Medium-Low,1.1943548657798033,0,0,B,High,0.8228977037898811,1,A,Medium-Low,-0.09191947051536921,0,1
0,B,Medium,-0.7676500544094066,1,A,Medium-Low,-0.9046659436882198,1,1,C,High,1.8146404699670509,1,A,Low,-1.3506932119794537,0,0
1,B,Medium-High,-1.983082375852131,1,B,Medium-High,-0.981607249613786,0,1,C,Medium-Low,0.4323056959644547,1,B,Low,1.0824226762800107,0,0
1,C,Medium-High,0.22244570216637263,0,C,Medium,0.8901933224643805,0,1,B,High,-0.785090256359268,0,B,Medium-Low,0.9987527834207002,1,1
0,A,Low,-0.3028934947177875,0,B,Low,-0.21672299694804129,1,1,B,Medium-Low,0.9391712107150754,0,C,Low,-0.17409675723589824,1,1
0,B,High,-1.217578908263525,0,C,High,-0.778977762548027,1,0,B,Low,-1.2543289478072897,1,B,Medium-High,0.9351549937802348,1,0
0,A,High,-1.185698066801409,0,C,High,-0.8015782049032977,1,0,B,Medium-High,-1.2496145126962444,1,B,Medium,0.6449361193216187,1,0
1,C,High,0.16121612270006128,1,A,Low,0.6225600531691777,1,1,C,Medium-High,-1.156632733166782,0,B,Medium-High,-0.6301276880005948,0,0
1,C,Medium-Low,0.486561277937868,1,B,Medium-High,1.3112259009625036,1,1,C,Medium-High,1.3009625660523754,1,A,Medium,-0.6373217719103995,0,1
0,C,Low,0.057647505188792525,1,C,Low,2.182696313208183,0,0,C,Medium-High,-0.07508995847183776,0,B,Low,0.7807612641339942,0,1
0,B,High,0.4447476727090316,1,C,Medium-High,0.14584833470382658,1,0,C,Medium,0.9439306833897334,1,B,Medium-High,-0.8998410465409883,0,1
1,C,Medium,-1.0952629783442143,0,B,Medium-Low,-0.6377172917087129,0,1,B,Medium,-1.446452941096404,1,A,Medium,-0.0006606884687164204,0,0
1,B,Medium-Low,1.7294291597872575,0,A,Medium,0.40449196317095415,1,0,A,Low,0.41329398072298695,1,C,Low,0.9937616853420789,0,1
0,B,Medium,-1.572975235249991,1,B,Low,0.6359148583400848,1,1,A,High,0.7015962198185104,1,C,Medium-Low,-0.6431256514648326,0,0
1,B,High,-0.7061017701943106,1,A,Low,-0.6314686732570338,0,0,B,Medium,-0.6813106312298693,1,C,Medium-Low,1.7884032947802795,0,0
0,C,Low,0.09620953254042565,1,B,High,1.5683526487947124,1,0,B,Medium,-1.6324278001067478,0,C,Medium-Low,-1.69943079913824,1,0
1,B,Medium,-1.1022231521384047,0,C,High,0.6771572100487192,1,1,C,High,-0.17311255045599877,1,A,High,-1.1940958459746942,1,0
0,A,Medium,1.5973062179967608,1,B,High,0.7178073060188039,0,1,A,Medium-High,0.6150465053874952,1,C,Medium-High,0.5742821718623187,0,1
0,C,High,-1.165252429135512,1,C,Medium-High,0.14563770142859778,0,1,B,Medium-High,-0.4811346546959762,1,A,Medium,1.5647343469141766,1,1
0,A,Medium-High,-0.04706015999170743,1,A,High,-1.227373777566063,0,1,A,High,-0.1319873297557845,1,B,High,-0.4910399080081283,1,0
0,B,Medium-High,0.909373172951793,1,A,Medium-Low,0.6721336747439364,1,0,A,Medium,0.49621723991588196,1,A,Low,-1.4760596158004464,1,1
0,C,Medium-Low,-0.09627485666834387,1,A,Medium-High,-0.7536427930117909,0,0,A,Medium-Low,-1.8344956998138053,0,B,High,-0.035336992757042635,1,0
1,A,Medium-Low,-0.3157627227767176,1,B,High,-0.6365291799664096,1,0,A,Medium,1.0275040551592758,1,C,Medium-High,-0.7646630674737902,0,0
1,C,Low,0.36921038292152014,0,C,Low,0.6233734549252564,0,1,B,Medium-High,0.8071036012123818,0,A,Medium,0.5628060201652778,0,1
0,A,Medium-High,-0.8647906989366309,1,C,High,-0.8724920158200202,0,0,B,High,0.8381536442745529,1,C,Low,0.4605526935170368,0,0
1,B,Medium-High,1.2984622950561484,1,B,Medium,-0.7503904737816007,0,1,B,Low,0.6200268241204858,1,A,Low,-0.20449271173912092,1,1
1,A,High,1.1956074977160358,0,C,Low,1.0786793920527789,0,0,C,Medium-Low,-1.7263836270171276,0,B,Low,0.884851669177156,0,1
1,C,Medium-Low,1.125333016805746,1,A,High,-1.0704417784321965,0,0,C,Medium-High,0.27633345018913125,0,C,Medium-Low,-0.7081301395659787,1,0
1,B,High,0.6493464442081573,1,C,Low,0.8100417010289451,1,0,A,Medium,0.8300165965485148,0,C,High,-0.25128975859540736,0,1
0,B,Medium-High,0.7679541809301442,0,B,Medium-High,1.2400562878329626,0,0,B,Medium-Low,-0.778297633489643,0,A,Low,0.39990362592960477,0,1
1,B,High,-1.1833764714752517,1,C,Medium,1.310165946658966,0,1,A,Medium-Low,-0.425952277885929,0,C,Medium-High,-0.582022605759279,0,0
0,B,High,-1.2825252796094464,1,C,High,-0.0322536262921685,0,0,B,Medium-High,1.0079295682789375,0,C,Medium-High,0.8645245357831233,0,1
1,C,Low,-0.7315505883459046,1,A,Medium-Low,-0.08898016473814617,0,0,A,Low,0.9434220981955519,0,C,Medium-High,-1.013772577638292,0,0
0,A,Medium-High,-0.33033665060221223,1,C,Medium,0.16866848181235575,0,1,B,Low,-0.7536875842491929,1,C,Medium-High,0.1500601894424441,1,0
0,B,High,-0.23822824272778087,0,B,Medium-High,-0.6625039153330398,1,0,A,High,1.0994281607062817,1,A,Medium-Low,1.1803972672540155,0,1
1,B,Medium-Low,0.16305173257353597,1,B,Low,0.039989427540578756,0,0,A,Medium-High,0.22075653598693795,1,C,Medium,1.7490372722808416,0,1
0,C,Low,0.14917307060800447,0,A,High,-0.5616433261345438,0,1,C,Medium-Low,0.5133211140854824,0,C,Low,-0.12483442872495469,0,1
0,A,Medium-High,-1.832952413678722,1,B,Medium-High,2.186940411475043,0,0,B,Low,-0.23257338040429046,1,C,Medium-Low,1.3608613758925832,0,1
1,C,Medium-High,0.5556242346308377,1,C,High,0.6056113846384401,0,0,C,Medium-Low,0.021096402759860307,1,B,Low,0.2549234648872063,1,1
0,A,Low,0.6945606809394727,0,B,High,-1.5730618389459694,1,1,A,Low,1.554629360267089,1,C,Medium,-1.8990729355749614,1,0
1,A,Medium-High,0.11891584640582024,0,B,Medium-Low,0.9289556096682318,0,0,A,Medium-Low,-2.81214071535055,1,A,Medium-High,0.9018855989248252,1,0
0,B,Low,-2.6943322205594886,1,A,Medium-Low,-0.1192297579805273,0,0,A,Medium-High,-0.4592451497105209,0,A,High,-1.699067113224715,1,0
1,C,Medium-High,1.7226245006886547,0,B,High,1.6949882014899789,1,0,A,High,-0.3037282643765442,0,C,Medium-High,0.33682286460130073,0,1
1,C,High,1.5188006506702472,1,C,Medium-Low,-1.3041726654453423,1,1,C,Medium,1.4353491758699928,1,B,Medium-Low,-0.2869765585078546,0,1
0,C,Low,-1.5307842552122186,0,B,Medium,1.5030290614367603,0,1,A,High,-2.5744077747251475,1,A,High,0.21247734933302428,0,0
0,B,Medium-Low,0.009082739861330291,0,A,Low,2.013223444219878,1,0,B,Low,-0.19189665245339796,1,C,Medium-Low,-1.7373486098759754,0,1
1,A,High,-0.9239179761368403,1,B,Medium-Low,-1.2801200199359526,1,1,B,High,1.5154875481988417,0,C,Medium-High,0.7201253140916636,1,1
1,B,Medium,-0.09579948077767401,1,A,High,0.9517062970679815,1,0,A,High,2.077496028772401,1,B,Low,1.1222403070890816,1,1
1,A,High,0.19861752724688508,0,A,High,-0.7715521475628674,0,1,A,Medium-High,-1.2943448061783684,1,A,High,-0.3568283995813152,1,0
0,C,Low,-1.4478563113720115,1,B,High,0.5101822851757358,0,1,A,Medium-High,-0.08777927720471197,0,B,Medium-Low,0.22893979479615023,0,0
1,C,Medium-High,-0.47838024618014674,0,C,Medium-High,1.0439244558483278,1,0,A,Medium-High,-0.23421700376500285,0,C,Medium-High,1.8935250939176134,1,1
0,B,Medium,1.122593179397631,1,C,Medium-Low,0.02303960648775244,1,0,B,Medium-Low,-0.6337169643969356,1,B,Medium-High,1.626391630513132,0,1
1,B,Low,-0.21762695197963114,0,A,Medium,0.25862878146033513,0,0,C,Medium-Low,-0.7945856295510737,1,C,Medium-Low,1.607720951330081,1,1
1,B,Medium,0.0011588405549664605,1,C,Medium-High,1.4495671812009987,1,0,A,Medium,-0.07859549793917932,1,B,Medium-High,0.41328122137125345,1,1
0,C,Medium-High,0.6075132202445855,0,A,Medium-Low,2.153421649795285,1,0,C,High,-1.8217778831120588,0,B,Low,-0.9598622553356367,1,1
0,C,Medium,0.08385688824445432,0,B,Medium-Low,0.16176187597475483,0,1,C,Medium-Low,-2.225818052155452,1,B,Low,1.9536509706718679,0,1
0,C,Low,-1.5174961898944215,0,C,Medium-Low,-0.43035169375903654,1,0,A,Medium,0.699123792971094,1,A,Medium-High,-0.031876809237094496,0,0
1,B,Medium-High,-0.10364158588831235,0,B,Low,-0.765190163240359,1,0,C,Low,-0.4301190215735711,0,A,Medium-Low,0.123769016489559,1,0
1,A,Medium-Low,-1.273870948832297,0,C,Medium-Low,-1.7961771287300925,1,0,A,Medium-High,-0.7573156210468972,1,A,High,0.10807006078685732,0,0
1,C,Medium-High,-0.7707765857990616,1,B,High,-0.9038583604671218,1,0,A,Low,1.436245818442816,1,B,Medium,-0.3277022369982559,1,0
0,C,Medium-High,1.7162443891309713,1,A,Medium-High,0.16280223616049852,1,1,C,Medium,-2.525193532246826,0,B,High,-0.07322042703336362,1,0
0,C,Medium-High,-0.772251065553303,0,C,Medium-High,-0.2780942570909359,0,1,C,Low,1.3430687525754232,1,B,High,0.4185094721850567,0,1
1,C,Medium-High,-0.27267125008029786,0,B,Low,0.9451873750903331,0,1,C,High,1.6226195660014862,0,B,Medium-Low,-0.5843341870215948,0,1
1,C,Low,-0.7632278006035623,0,C,Medium-Low,1.9631663631466267,1,0,C,High,-0.8632392726338568,1,A,Medium-High,0.04063030089888455,1,1
1,C,Medium-High,0.562722703455612,0,B,Medium-High,0.25021844789127223,1,1,B,High,-1.049287561948775,0,C,Medium,1.1350307995414406,1,1
1,B,Medium-Low,-0.8472974990345141,1,C,High,0.14754441823466385,1,1,C,Medium-Low,0.0341227729105761,0,B,Medium-High,1.5804368067901096,1,1
0,A,High,0.15052393741162973,0,B,High,-1.5623344420025613,0,1,B,Medium-High,1.0314055077878976,1,A,Medium-High,0.43624034692273067,1,1
0,A,Medium,0.9251271447068733,1,A,Medium,0.2521061780339644,0,1,C,Medium,0.666684686630024,1,C,Medium,-0.11243267397666111,0,1
0,C,Medium,0.5606060522464249,0,A,High,-1.342578732712262,0,1,C,Medium-High,-0.31022016912164935,0,A,Medium,-0.4035117684521623,0,0
1,B,Medium-Low,0.0593115040259404,0,C,Medium-High,-2.3559872282170304,1,0,C,Medium-High,1.6639677711004124,0,C,Medium-High,-1.6174655145987114,0,0
1,A,High,0.5707031977335876,0,C,Medium-Low,-0.420623206483885,0,1,C,Low,-0.8233942529480558,0,C,Medium,-0.3225611724370204,1,0
1,C,Medium-High,1.3339520598544872,0,C,High,1.1497505939085249,0,0,A,Medium,-0.43453658807117623,1,C,High,-0.5571330289568862,0,1
1,A,Medium-Low,-0.17468570283151635,0,A,Medium,-0.8846031307186935,0,0,A,Medium-High,0.07329609454307857,0,C,Low,0.41523608994919836,0,0
1,A,Low,0.8133363676039198,1,B,Medium,1.0941671559746695,1,0,C,High,0.19862790608109976,1,A,Medium-Low,-1.5079941717938905,0,1
1,A,Medium-Low,-0.9611270968717845,1,A,Medium-High,-0.6738121442966464,1,0,A,Low,1.0276438225046525,1,A,Medium-Low,0.5441310452234567,0,1
0,C,Medium-Low,1.160315520989299,0,A,Low,0.5031624333255775,1,0,B,Low,0.8518251618137154,1,C,Medium-High,1.132161863665146,0,1
0,C,High,-0.3715948435887275,1,A,Medium-High,-2.0430409669425824,1,0,B,Low,0.32658034065867186,1,C,Medium,1.3039626706755936,1,0
1,C,Medium-High,1.5317792055244774,0,A,Medium-High,-0.6453338396258823,1,0,C,High,-0.13035504779628482,0,C,Medium,-0.23577192395133617,0,1
0,C,Medium,-1.1985783493625275,1,A,Medium,-0.2683722695802709,0,1,B,Medium,1.4714819165021449,1,B,Low,1.4508140909635034,0,1
0,B,Medium-Low,-0.5042687987313212,1,B,Low,0.3562573495160569,0,1,B,Medium-Low,0.13534101099040388,0,A,High,-1.1421919735541572,1,0
1,A,High,-0.49839201146343226,0,C,High,-1.1178938741860989,1,1,B,High,1.0452928846905873,0,B,Low,-0.9388420297326224,0,0
1,B,High,-0.9387446164710941,0,A,High,0.21044406292166842,0,0,A,Medium-Low,1.628623409161871,1,B,Medium,-1.8795317194771537,0,0
1,A,Low,-0.9473761874197245,1,B,Medium,-2.105882286640548,1,1,C,High,-0.1367040625506677,0,A,Low,1.5592665489641009,0,0
1,A,High,-0.4370978484093568,1,C,Medium-High,-1.255526928015684,1,1,C,Medium-High,0.2720682433874131,1,C,Medium-High,0.4784440150081932,0,0
1,C,Medium,-0.5432912165411519,1,B,Medium,0.14739768307717477,0,0,A,Medium,-1.7276815108054788,0,C,High,-0.9688357485950938,1,0
0,A,Medium,0.09596220556883682,0,B,Low,-1.0238643257485753,1,1,A,Medium-Low,-0.00992885824301006,1,A,Medium-High,0.47988685183493135,0,0
1,B,Medium-High,-0.5626900492070459,0,B,Medium-Low,-0.1421344356365752,0,1,C,Low,0.302618761131142,1,B,High,-1.1427245753515238,1,0
1,A,High,1.4160255653958012,0,B,High,-1.6911506884797833,1,0,B,Medium,-0.7897634524026735,1,C,Medium-High,-0.6776397992535949,1,0
1,B,Medium-High,0.616013366356973,0,B,Medium-High,-2.287140417959175,1,1,B,Medium-High,-1.3022682536173429,0,A,High,-0.14190269137668876,0,0
0,B,Low,-0.0868001012793929,1,A,Medium-Low,-0.43490187773307065,0,0,B,Medium-Low,0.16181516223308093,1,A,Medium-Low,-0.1060452949469692,0,0
0,C,Low,-0.38714864147312184,1,A,Medium,-1.8014703121674975,0,0,A,Medium-Low,-0.542998356707172,0,C,Medium,-1.397252605131718,1,0
1,B,Medium-High,-0.464598510557039,0,C,Medium-Low,-0.3098443945524994,1,1,A,Medium,0.908147718717857,1,B,Low,-0.6689566357353628,1,0
1,C,Medium,0.0952253307340579,1,B,High,-0.0016982507037915614,0,0,A,Low,-0.3340780627869153,1,B,Medium-High,-0.5093090620181906,1,0
0,B,Medium-Low,0.11779381432195338,1,C,Low,2.2145786176412194,1,1,A,Low,0.033891413496104306,1,C,Low,-1.0583387468174639,0,1
0,B,Medium-Low,4.005298324710897,0,C,Medium-Low,-0.9505302817449233,1,1,C,Low,1.4078363022088936,1,C,Low,-0.27513945308822774,0,1
1,A,Medium-High,-1.5303492462635389,0,C,Medium,-0.9756404873365833,0,1,C,High,0.23000924552478852,1,A,High,0.8372516518445638,0,0
0,C,Medium,-0.8552231136016257,1,C,High,0.06550037085147634,0,0,C,Medium,0.2850270215836512,1,A,Medium-High,1.3306613703010064,1,1
0,A,Medium-High,-0.47617280524822353,1,A,Medium,2.061759202995565,0,1,B,Medium-High,-0.21213852889979964,0,A,High,0.7715967982311226,0,1
0,C,Medium-Low,1.2457724690385337,1,A,Low,1.0374967589307014,1,1,C,Medium,0.880572284356006,0,B,Medium-High,-0.5509493507441897,1,1
1,B,Medium-Low,0.8884868989900186,0,C,Medium-Low,-0.41170383072670863,1,1,A,Low,1.3588292779440405,0,A,Medium-Low,-1.303181561810609,1,1
1,A,Medium,-1.8256228801781966,1,B,Medium-Low,0.6344783012939459,1,1,C,High,-0.3297663080840634,0,C,High,-2.0628280118236404,1,0
1,A,Medium,0.18533651411378407,0,A,High,-1.1405218480072006,1,0,B,Low,0.9217473364496519,0,C,Medium,-0.5284722788769242,1,0
1,C,Low,0.7844528494578429,1,A,Medium-High,-0.977862145780214,1,0,A,Medium,1.3472020545008816,1,B,Low,2.138695266106028,1,1
1,C,Medium-Low,0.4381657838347186,0,A,Medium-Low,-0.6601028738601745,0,0,C,High,1.6453796163378371,0,C,Medium,0.09699470232862248,0,1
1,B,Low,-0.560322973141335,1,C,Medium-Low,0.7758387789672778,1,1,C,Low,0.22585386042418804,1,C,High,-1.1168595853289527,1,0
1,C,Low,1.181361095394445,0,C,Low,-1.0798289475139564,1,1,A,Low,0.25345569696757664,0,A,Medium-High,0.12089404112791423,0,1
0,B,Medium-Low,-1.3033947828513388,1,C,Medium,-0.4202472956880021,1,1,B,Medium-High,-0.30117407272342744,0,C,Low,-1.4276269286471597,1,0
1,B,Medium-High,-1.6085087111756007,1,B,High,-2.2241229151523623,0,0,A,High,-0.8641958661872505,0,C,Medium,0.31149155931993716,0,0
0,C,Medium-High,0.20820346015423816,0,C,High,1.0403771746835284,1,1,C,Medium,-0.8069658878414412,0,C,Medium,0.1476369623737047,1,1
0,B,Medium-Low,-0.33318072357121664,0,C,Medium,0.10727693612121451,1,1,A,High,2.19139416620722,1,C,Low,-0.4378326181297382,1,1
0,A,Medium,0.12958546629411463,1,C,Medium-High,-0.43642271198177385,0,1,B,High,0.762410401623643,1,B,Low,-0.6922855507778277,1,0
